﻿變數名稱,標籤,類型
X,經度,連續變數
Y,緯度,連續變數
OBJECTID,資料ID,辨識碼
INCKEY,事故ID,辨識碼
REPORTNO,報告ID,辨識碼
STATUS,資料完整與否,類別變數
ADDRTYDE,發生地點類別,類別變數
LOCATION,地點,類別變數
SEVERITYCODE,嚴重程度編碼,類別變數
SEVERITYDESC,嚴重程度說明,類別變數
COLLISIONTYPE,撞擊類別,類別變數
PERSONCOUNT,關係人數,連續變數
PEDCOUNT,行人數,連續變數
PEDCYLCOUNT,自行車數,連續變數
VEHCOUNT,載具數,連續變數
INJURIES,受傷人數,連續變數
SERIOUSINJURIES,重傷人數,連續變數
FATALITIES,死亡人數,連續變數
INCDATE,發生日期,連續變數
INCDTTM,發生時間,連續變數
JUNCTIONTYPE,堵塞類別,類別變數
SDOT_COLCODE,撞擊部位編碼,類別變數
SDOT_COLDESC,撞擊部位說明,類別變數
INATTENTIONIND,有無未注意路況,類別變數
UNDERINFL,有無受藥物影響,類別變數
WEATHER,天氣狀況,類別變數
ROADCOND,道路條件,類別變數
LIGHTCOND,光照條件,類別變數
PEDROWNOTGRNT,是否不禮讓行人,類別變數
SPEEDING,有無超速,類別變數
ST_COLCODE,撞擊方向編碼,類別變數
ST_COLDESC,撞擊方向說明,類別變數
HITPARKEDCAR,是否波及停靠車輛,類別變數
INJ_R,受傷率,連續變數
SERINJ_R,重傷率,連續變數
FATAL_R,死亡率,反應變數
year,年,連續變數
month,月,連續變數
day,日,連續變數
